caminho,sha256,tamanho_bytes
"img/70/fotografia_gastron_mica_realista_de_pudim_de_coco_queimado_pudim_dourado_com/screen.png","e0e43609ac4888e88e1b434e7d75ac350d962aab891ad727254b6708a87d9a4f","1178929"
"img/70/fotografia_gastron_mica_realista_de_champanhita_pequenos_biscoitos_finos_e/screen.png","4afce38f3e90b53e49206945bb8d2c6826801f9f52ea341ed91319dbce19068e","1089849"
"img/70/fotografia_gastron_mica_realista_de_molho_zabaglione_creme_aerado_e_aveludado/screen.png","60525b7cf73ff663f660f08599ae372ab6b7039511de6145233b6f0003cc70fe","1048857"
"img/70/fotografia_gastron_mica_realista_de_glac_para_bolo_creme_branco_brilhante_e/screen.png","0f3adba5fb5124e372fece0ad189f42cc179b87b98462b0a8fa48c9d2ec86917","1025936"
"img/restante/professional_editorial_food_photography_realistic_style._bolachinhas_quaker/screen.png","bd7867e30a39231e22360db9d50714c1d5a31f83c338fc14b5c7ddc9c67b5415","1062616"
"img/restante/professional_editorial_food_photography_realistic_style._sequilho_de_fub_small/screen.png","4ecb9ec9aa187b1e92b6ecc687028ca21b4909867831460ba5e73b195c230680","1165007"
"img/restante/professional_editorial_food_photography_realistic_style._bolo_de_fub_clarice_a/screen.png","48e9e16008eef4bf249c898b653893978ed34f914f5a0edfe9ef89ab86ea0c9d","1175076"
"img/restante/professional_editorial_food_photography_realistic_style._bolo_de_ameixas_a/screen.png","22a437e49f7e6dc97f7ec465a260c41e5015dafcd5119a6a9d0757056b9522b3","1243382"
"img/_nao_utilizar/20__fotografia_gastron_mica_realista_de_bai_o_de_dois_arroz_feij_o_de_corda_e/screen.png","a6f09e69a7c4a5d294a92a0c8ef9fe6bb59ddabe6b9fbb4c21b60569ace78575","1303511"
"img/_nao_utilizar/30__fotografia_gastron_mica_realista_de_romeu_e_julieta_fatia_de_queijo_minas_com/screen.png","be3447179f5a5dc149596142ead6fa0753799a8bcb7f61ccfc97a4222e71b0b5","1025029"
"img/_nao_utilizar/1o__fotografia_gastron_u00f4mica_realista_de_coxinha_de_frango_dourada_e_frita/screen.png","629784f22f066c81655935829f6cbe077b2b97b34e25283ea131418d16699f00","1318689"
"img/_nao_utilizar/professional_editorial_food_photography_realistic_style._chocolate_chiffon_pie/screen.png","bd099c5b397000cf2e358932c913a8144d00dc2fbffbb190f73ed63f66bef888","1362696"
"img/_nao_utilizar/50__fotografia_gastron_mica_realista_de_homus_pasta_de_gr_o_de_bico_com_azeite_de/screen.png","7114ba85161e88aacc310db933fd00c31b4f317d7fa1cd1755fefc92bc8d913a","1203004"
"img/_nao_utilizar/50__fotografia_gastron_mica_realista_de_babaganuche_pasta_de_berinjela_defumada_com/screen.png","6faeb82728b5c0bfcf5fdba4a3cde12611da9ad23ae6a729870fc040a031c81d","1257345"
"img/_nao_utilizar/40__fotografia_gastron_mica_realista_de_arroz_de_carreteiro_arroz_com_carne_de_sol/screen.png","fa4570ab7a0ee49f7503a4e8ede767cafa26d38da2d0382e71fd836af8f9b5a6","1121604"
"img/_nao_utilizar/1o__fotografia_gastron_u00f4mica_realista_de_strogonoff_de_frango_com_arroz_branco/screen.png","00884dae2e73d31d39011073f3037d85275234bf43e9515081a5d62bb041c62f","1229020"
"img/_nao_utilizar/50__fotografia_gastron_mica_realista_de_tabule_salada_de_trigo_com_tomate_pepino_e/screen.png","c24c31fd768acc917424e166de92e0d1c26600de80f1f9a082c1dfb73b50cf71","1272947"
"img/_nao_utilizar/1o__fotografia_gastron_u00f4mica_realista_de_brigadeiro_gourmet_enrolado_com/screen.png","66b087f5450946e1da078c1347b397801aacf634df08ecb18a6763021788b4cb","1049746"
"img/_nao_utilizar/40__fotografia_gastron_mica_realista_de_bai_o_de_dois_arroz_com_feij_o_de_corda_e/screen.png","50da2de641b4e6dc306ff1c66c052871e0dee91defc9a986f3dd4c2ba6448f0d","1250160"
"img/_nao_utilizar/20__fotografia_gastron_mica_realista_de_arroz_carreteiro_arroz_com_charque_picado/screen.png","3628d3bcffe17d061f08522a824ff1456bfe154935d4c027a774cea90dbd09b6","1331974"
"img/_nao_utilizar/60__fotografia_gastron_mica_realista_de_fil_de_peixe_grelhado_fil_dourado_com_ervas/screen.png","3f6bb63d49da61a5514a788d92dcb4378d014dcf7309c3fe1ab393bc80bc0d83","1274749"
"img/_nao_utilizar/20__fotografia_gastron_mica_realista_de_moqueca_baiana_em_panela_de_barro_clara_com/screen.png","b7563c0cef52f3589e378932081891ea0ef591d5ddf53b7355e03880a8d2f134","1250127"
"img/_nao_utilizar/duplicadas/fotografia_gastron_mica_realista_de_bolo_de_fub_clarice_bolo_de_milho_amarelo_e/screen.png","67e1bb4a1c1dc5e81d4da654f46834fc9db39707685149b4cf06d89d70eb27e2","1299405"
"img/_nao_utilizar/duplicadas/fotografia_gastron_mica_realista_de_torta_antiga_torta_caseira_com_massa/screen.png","56d40ff65bdcafb52de065d2aad44b42197d387d2fff728909c41ac80ab4ca14","1275868"
"img/_nao_utilizar/duplicadas/professional_editorial_food_photography_realistic_style._torta_antiga_a/screen.png","be60428c24b2ec112b10a9cae8bba08226d480f0d56ee0bc861a5714b3e2ed5c","1268000"
"img/_nao_utilizar/30__fotografia_gastron_mica_realista_de_escondidinho_de_carne_seca_pur_de_mandioca/screen.png","23ad81844728a0fd730539ac274dc5048915d6b988eab5506507abe8fc8c2166","1239875"
"img/_nao_utilizar/60__fotografia_gastron_mica_realista_de_quiche_de_alho_por_torta_aberta_com_recheio/screen.png","81ab2a117cf23dc8626a2c3a345b01f40070516889f912bffde6d81a6643c5b3","1345285"
"img/_nao_utilizar/60__fotografia_gastron_mica_realista_de_nhoque_ao_molho_sugo_bolinhos_de_batata_com/screen.png","b485468f2b6f37079e3446c9a0d26fb6dd8e2818bcf55e56b4873523fb53b05e","1247271"
"img/_nao_utilizar/fotografia_gastron_mica_realista_de_p_o_irland_s_p_o_r_stico_com_crosta_dourada/screen.png","bfe50929f90c93c5b310a0bacabba90a7806e8c13001e614f5cdf56670e01e59","1284048"
"img/_nao_utilizar/20__fotografia_gastron_mica_realista_de_galinhada_arroz_com_frango_e_pequi/screen.png","1ed317975694a751cf8b5413dd7797f399c9445c210d05dd0292b41b82af02e8","1285081"
"img/_nao_utilizar/50__fotografia_gastron_mica_realista_de_esfirra_de_carne_massa_aberta_ou_fechada/screen.png","d88e1758ef1521d2eb1a4571909eeb1921f0c7266bb5c1c261e1ef0a38b397a9","1334285"
"img/_nao_utilizar/20__fotografia_gastron_mica_realista_de_barreado_carne_cozida_desfiada_servida_com/screen.png","bf08208fbc4ac27a13c697ac82f741bdfd4b5f5dde8f12c847305999573079da","1200793"
"img/_nao_utilizar/30__fotografia_gastron_mica_realista_de_tutu_de_feij_o_feij_o_batido_com_farinha_de/screen.png","8cf645e71fef668f26106f5961adeabf5f33be3a719ed5b42e9e70ce1e0fa707","1168336"
"img/_nao_utilizar/1o__fotografia_gastron_u00f4mica_realista_de_torta_de_lim_u00e3o_com_merengue_ma/screen.png","617fbb344c284dc65b2dff702b09b8ad441476ff33306d33c7e02e3a72395885","1021108"
"img/_nao_utilizar/60__fotografia_gastron_mica_realista_de_batata_r_stica_assada_gomos_de_batata_com/screen.png","961d859a163220d3d18bb6075c3993db0bc86a44d8cff0d0863f794cea6011fb","1254828"
"img/_nao_utilizar/professional_editorial_food_photography_realistic_style._torta_chiffon_de_lim_o/screen.png","43e1a4b2ab27566b53139471fc53f1e7d62a6f5480782960e245c2a47d7a7029","1311890"
"img/_nao_utilizar/30__fotografia_gastron_mica_realista_de_arroz_doce_com_canela_arroz_cremoso/screen.png","73d1fc8cebfef3ea1174eea6d35499427969ea614203a1f5e1f1025b8b0471e1","1150036"
"img/_nao_utilizar/30__fotografia_gastron_mica_realista_de_bolo_de_fub_com_goiabada_bolo_amarelo_r/screen.png","f52f04040e14a6738cf09968462efdd52d5bca38c3d5ae4e5a3dcafcabfe7552","1306279"
"img/_nao_utilizar/60__fotografia_gastron_mica_realista_de_lasanha_de_carne_camadas_de_massa_molho/screen.png","8fc07ad1c6131fb3fe171bff21215dd53046a1159ac80b299a73e67e6bdf98e2","1208909"
"img/_nao_utilizar/fotografia_gastron_mica_realista_de_bolo_sarah_bolo_decorado_de_forma_cl_ssica/screen.png","2c731d3ae9c74971dd2a4939d4c3874f1a0d473de3b2f2a0fc36c5aef71fe378","1227528"
"img/_nao_utilizar/40__fotografia_gastron_mica_realista_de_moqueca_capixaba_peixe_cozido_em_panela_de/screen.png","be7a1bc3d7c1146e487468ad9a06c1e9d8e5b68426cab047971f137fa0d74513","1336990"
"img/_nao_utilizar/60__fotografia_gastron_mica_realista_de_espaguete_bolonhesa_massa_longa_com_molho/screen.png","1e3779ffce09e442eb8d5616246803d50a7e4b526f8991729d1fd03ffe40ab4d","1251571"
"img/_nao_utilizar/20__fotografia_gastron_mica_realista_de_acaraj_bolinhos_de_feij_o_fradinho_fritos/screen.png","6e5f4dcb16b49e734239069b9b50a1e30e0e0364772130ed25dff7f23de940f5","1256017"
"img/_nao_utilizar/20__fotografia_gastron_mica_realista_de_vatap_servido_como_acompanhamento_ou_prato/screen.png","3482359df1bb945523607def47ca7416f118f5890aa752fb8157c3edb16b4f3e","1275926"
"img/_nao_utilizar/professional_editorial_food_photography_realistic_style._waffles_de_chocolate/screen.png","55b293c1c13db0e2bb074835a719d0463bd4322ed3030bfaf8f6ecb4c04d8e3f","1151496"
"img/_nao_utilizar/50__fotografia_gastron_mica_realista_de_arroz_com_lentilha_e_cebola_caramelizada/screen.png","00b98f1abced5509f4d998f9e4726e2c5a736831b5d8bf5c73700e45c2cbe2f8","1343346"
"img/_nao_utilizar/30__fotografia_gastron_mica_realista_de_cocada_branca_doce_de_coco_ralado_em_peda/screen.png","a64d753ddf662b0cc3628dc37c59d0d1d7493fc9315690e1fc0199ff7980e372","1246119"
"img/_nao_utilizar/50__fotografia_gastron_mica_realista_de_kafta_grelhada_espetinhos_de_carne_mo_da/screen.png","854a023a9f40e78b35850e8dfb055c9af5823c0e05fa93d42567dff7191b3bf2","1321486"
"img/_nao_utilizar/1o__fotografia_gastron_u00f4mica_realista_de_moqueca_de_peixe_em_panela_de_barro/screen.png","e1ce345201cee6aa5e4ecb81be926c937f719b1f963a088b6c7c7f90ce595c94","1255298"
"img/_nao_utilizar/1o__fotografia_gastron_u00f4mica_realista_de_bacalhau_no_forno_com_batatas/screen.png","c6ada862521d0f2a5c8f90da922c8de766c8c237ce27cd32c376f877e5c9479b","1197488"
"img/_nao_utilizar/20__fotografia_gastron_mica_realista_de_tacac_caldo_de_tucupi_com_jambu_e_camar_o/screen.png","ab367e673395f5bcb3187e99b850cae7fdfbaf3ab4a24372ebb4071e035658ba","1191852"
"img/_nao_utilizar/20__fotografia_gastron_mica_realista_de_bob_de_camar_o_creme_de_mandioca_com_camar/screen.png","aab1764467b1833eb5339ccc60ff9605591cba6a8d08d9e2202ab7096f349cf1","1299058"
"img/_nao_utilizar/1o__fotografia_gastron_u00f4mica_realista_de_bolo_de_cenoura_com_cobertura_de/screen.png","26592dd260fd858f284e2097df50f5c7b207264f05e7d39eaf46c0e5c953ad2d","1153787"
"img/_nao_utilizar/fotografia_gastron_mica_realista_de_pudim_franc_s_pudim_de_leite_cl_ssico_com/screen.png","ad716206f1cef9f171d5b438135b3473e3b54221d876fa9b8faf0715cf80ddab","1084639"
"img/_nao_utilizar/40__fotografia_gastron_mica_realista_de_feij_o_tropeiro_feij_o_com_farinha_de/screen.png","d59adb29d10d44e129af125c003c7568dac1f87ca7ffbf2a9e759a7c077baa37","1207268"
"img/_nao_utilizar/20__fotografia_gastron_mica_realista_de_quindim_doce_de_ovos_e_coco_amarelo/screen.png","e04dcf8bb85fe858728cf3aa35bf6b787a9bfcda062715faedb6f7e88b8177ed","1211272"
"img/_nao_utilizar/40__fotografia_gastron_mica_realista_de_galinhada_com_pequi_arroz_com_frango_e/screen.png","66b5af9e00a138b4eb109043c77b8b709932a2c7b614b49ead4194e926ebfefd","1185860"
"img/_nao_utilizar/50__fotografia_gastron_mica_realista_de_baklava_doce_de_massa_folhada_com_nozes_e/screen.png","9586a782a36d585cfb90a2ab73d4525db7c1b2bdf00830dc085533c23978de42","1251549"
"img/_nao_utilizar/30__fotografia_gastron_mica_realista_de_empad_o_de_frango_torta_de_massa_podre/screen.png","9c597d2a0ab0d645b7cc8baed67da3238c8e2db142bebe6a4a5420368a7f18f8","1247560"
"img/_nao_utilizar/50__fotografia_gastron_mica_realista_de_quibe_de_bandeja_quibe_assado_com_recheio/screen.png","efde489dc30d998abc794c9f110dd9a565283823eff4f3448e8bb6699b470fc7","1317030"
"img/_nao_utilizar/professional_editorial_food_photography_realistic_style._torta_de_natal/screen.png","95816c086b88879c967129522b78b6d914744c525a8348bb6e964d2c07ec83ba","1139579"
"img/_nao_utilizar/60__fotografia_gastron_mica_realista_de_risoto_de_cogumelos_arroz_arb_reo_cremoso/screen.png","f16490b0554b0f439c74e30aa6aa62a7871ccb438c69b5151c8ba37c0106e90e","1133898"
"img/_nao_utilizar/50__fotografia_gastron_mica_realista_de_charuto_de_repolho_repolho_recheado_com/screen.png","90101d6f80badc721faec25e0431216766ac15a629de954c729e9f8eceb39cc8","1218107"
"img/_nao_utilizar/30__fotografia_gastron_mica_realista_de_mousse_de_maracuj_creme_aerado_com_sementes/screen.png","08e248f0cbc1c7c7f4f6f42890969bbe4eb7b5a4a1ab2c31208e63989c07a141","1282573"
"img/_nao_utilizar/30__fotografia_gastron_mica_realista_de_canjica_doce_de_milho_branco_com_leite_de/screen.png","98253a59dfa92bf8ed34eb1ab36b11a0ad3b19e24a3f4efe7873d372f3ea26a4","1222372"
"img/_nao_utilizar/40__fotografia_gastron_mica_realista_de_arroz_com_su_arroz_cozido_com_osso_do_lombo/screen.png","b60c9d58ef541f8a1ca0f1f6f43a13bd673cd6259255d720dafcd63381d607d3","1118079"
"img/_nao_utilizar/professional_editorial_food_photography_realistic_style._bolo_de_mel_e_cacau_a/screen.png","57d029343cedb7d8826dae915079928ab988f9d47bf93ab8a21a00118e7310f5","1381750"
"img/_nao_utilizar/40__fotografia_gastron_mica_realista_de_pato_no_tucupi_pato_cozido_em_tucupi_com/screen.png","aa57e8d804ba2fb77c582047dbe52579d64d5d79ee75ca0dbfb780c4e7ead9f6","1083537"
"img/_nao_utilizar/1o__fotografia_gastron_u00f4mica_realista_de_p_u00e3o_de_queijo_mineiro_dourado_e/screen.png","3e1e4fd84ce6145d8d9795573259b7745a7d2aa0f31e52e6d22a16c174fcd522","1149349"
"img/_nao_utilizar/40__fotografia_gastron_mica_realista_de_carne_de_sol_com_pir_o_de_leite_apresentada/screen.png","11d4d347c72da8a002f2a7cd8a701461dbc5eeb8fe3a8c58947b4dcabb970026","1012077"
"img/_nao_utilizar/40__fotografia_gastron_mica_realista_de_vaca_atolada_carne_bovina_cozida_com/screen.png","d45586e6e350c3c43df1368bc250501139b6458d3e6e0371aa93457a69ab8de7","1158073"
"img/_nao_utilizar/1o__fotografia_gastron_u00f4mica_realista_de_feijoada_completa_apresentada_de_forma/screen.png","8e7a34618eef3818cca94890fc57feb19ee0611d120b8d3a4504cbe4ddc159f8","1218597"
"img/_nao_utilizar/60__fotografia_gastron_mica_realista_de_salada_caesar_alface_romana_croutons_queijo/screen.png","52e5b0a2c59d6e8aba793e3ea77ea60974f6a79bbcea0cc6bc2a1077a8b2cf72","1291082"
"img/_nao_utilizar/50__fotografia_gastron_mica_realista_de_falafel_bolinhos_de_gr_o_de_bico_fritos/screen.png","340f754cac65c67db06b5eae7880357f759757e38332fc8dd075e33becfad511","1346922"
"img/_nao_utilizar/30__fotografia_gastron_mica_realista_de_farofa_de_ovos_farofa_crocante_com_peda_os/screen.png","6ddfeaff1ad51c6feaefa03964801983e9efbb07ae4fc339ee85f72acf1da4db","1259958"
"img/_nao_utilizar/40__fotografia_gastron_mica_realista_de_bob_de_camar_o_creme_de_mandioca_com_camar/screen.png","9c7faa202422e87426fc132604694bd2921a6fcd72b93737d2e4ff2d388f1bab","1110232"
"img/_nao_utilizar/1o__fotografia_gastron_u00f4mica_realista_de_pudim_de_leite_condensado_com_calda_de/screen.png","2c7bbd7e0904dc0d70a93b85d33e6c07ce5c1aeb45ea8f9238910e831afa390a","1052294"
"img/001-pudim-de-coco-queimado.webp","5b981a21b1b5dcf38c20c4b4ea72208d1410ddc9c63651d73c75b48011c02ee9","67776"
"img/010-bolo-de-fuba-clarice.webp","3a2d7a95cb18195ca980d5a27e3e6e2f17a6af1b7ab8e53da8968c5ab3167d85","84892"
"img/013-bolo-de-ameixas.webp","0e8d9feed0326a6c83b4f9056583e24e47b66a9a58206ec25207317a1d3e3aec","87240"
"img/014-bolachinhas-quaker.webp","5a72f919ab957b39f109d59f3a0e4b9c43fb5e9fb7b2c4de5fa0ede5a4ff744d","63152"
"img/016-sequilho-de-fuba.webp","53a41e839c7dfd438d1d05953d95f41b80fec02fd0dec95107ef9ae982f070a5","59158"
"img/003-champanhita.webp","73b106864f6fad63ea818ce8c7b1e807477e9ce9799d8dc0535a320782c9f8f3","182252"
"img/004-glace-para-bolo.webp","6ec9254872f9889c71e7ad65840c0381c66d2c8498886cf89cbed1fca6a9e398","187986"
"img/005-bolo-sarah.webp","0175060105629999e19bec85f368eeaa808c65cb75f479be8198c227d63d2b47","186782"
"img/006-pao-irlandes-com-pastel.webp","a198b86ede053dc0284e2350ae1d3447ae5de744fd6f3b64a501592a4221856c","178770"
"img/007-pudim-frances.webp","4fb01680f395018522a75cc5c6279906e8299d820f252c1762cc172dd6ea0dd6","231450"
"img/009-pudim-de-ameixas-e-claras-sugi.webp","422f965724aa41cc4784355370c967c059e0cf6a42630f646a1424134851cc2a","214870"
"img/011-gelatina-com-salada-de-frutas.webp","6c6bfdbe5dcf4241325e4da9b0b7d5eb48034ec2be87417f8d997b2449dbd26a","205702"